{"resultado_diferencas_finitas":[243.0,274.7692307692308,400.0],"x":[0.0,5.0,10.0],"resultado_analitico":[243.0,271.7712574519728,400.00000000000006]}